--
-- PostgreSQL database dump
--

\restrict VjbmyKPhqWmeZhE8wau2KJRy5Ej80fMdHaSUfFfAJXPQMKBbI2m06mAxggLNe19

-- Dumped from database version 16.13
-- Dumped by pg_dump version 16.13

SET statement_timeout = 0;
SET lock_timeout = 0;
SET idle_in_transaction_session_timeout = 0;
SET client_encoding = 'UTF8';
SET standard_conforming_strings = on;
SELECT pg_catalog.set_config('search_path', '', false);
SET check_function_bodies = false;
SET xmloption = content;
SET client_min_messages = warning;
SET row_security = off;

--
-- Name: room_type_enum; Type: TYPE; Schema: public; Owner: cinema
--

CREATE TYPE public.room_type_enum AS ENUM (
    '2D',
    '3D',
    'IMAX',
    '4DX',
    'VIP'
);


ALTER TYPE public.room_type_enum OWNER TO cinema;

--
-- Name: ticket_type_enum; Type: TYPE; Schema: public; Owner: cinema
--

CREATE TYPE public.ticket_type_enum AS ENUM (
    'normal',
    'super'
);


ALTER TYPE public.ticket_type_enum OWNER TO cinema;

--
-- Name: transaction_type_enum; Type: TYPE; Schema: public; Owner: cinema
--

CREATE TYPE public.transaction_type_enum AS ENUM (
    'deposit',
    'withdraw',
    'ticket_purchase'
);


ALTER TYPE public.transaction_type_enum OWNER TO cinema;

--
-- Name: users_role_enum; Type: TYPE; Schema: public; Owner: cinema
--

CREATE TYPE public.users_role_enum AS ENUM (
    'client',
    'employee',
    'admin',
    'super_admin'
);


ALTER TYPE public.users_role_enum OWNER TO cinema;

SET default_tablespace = '';

SET default_table_access_method = heap;

--
-- Name: movie; Type: TABLE; Schema: public; Owner: cinema
--

CREATE TABLE public.movie (
    id integer NOT NULL,
    title character varying(255) NOT NULL,
    description text,
    duration integer NOT NULL,
    genre character varying(100),
    poster_url text,
    release_date date,
    created_at timestamp without time zone DEFAULT now() NOT NULL,
    updated_at timestamp without time zone DEFAULT now() NOT NULL
);


ALTER TABLE public.movie OWNER TO cinema;

--
-- Name: movie_id_seq; Type: SEQUENCE; Schema: public; Owner: cinema
--

CREATE SEQUENCE public.movie_id_seq
    AS integer
    START WITH 1
    INCREMENT BY 1
    NO MINVALUE
    NO MAXVALUE
    CACHE 1;


ALTER SEQUENCE public.movie_id_seq OWNER TO cinema;

--
-- Name: movie_id_seq; Type: SEQUENCE OWNED BY; Schema: public; Owner: cinema
--

ALTER SEQUENCE public.movie_id_seq OWNED BY public.movie.id;


--
-- Name: room; Type: TABLE; Schema: public; Owner: cinema
--

CREATE TABLE public.room (
    id integer NOT NULL,
    name character varying(100) NOT NULL,
    description text,
    image_url character varying(255),
    type public.room_type_enum NOT NULL,
    capacity integer NOT NULL,
    has_disabled_access boolean DEFAULT false NOT NULL,
    is_maintenance boolean DEFAULT false NOT NULL,
    created_at timestamp without time zone DEFAULT now() NOT NULL,
    updated_at timestamp without time zone DEFAULT now() NOT NULL
);


ALTER TABLE public.room OWNER TO cinema;

--
-- Name: room_id_seq; Type: SEQUENCE; Schema: public; Owner: cinema
--

CREATE SEQUENCE public.room_id_seq
    AS integer
    START WITH 1
    INCREMENT BY 1
    NO MINVALUE
    NO MAXVALUE
    CACHE 1;


ALTER SEQUENCE public.room_id_seq OWNER TO cinema;

--
-- Name: room_id_seq; Type: SEQUENCE OWNED BY; Schema: public; Owner: cinema
--

ALTER SEQUENCE public.room_id_seq OWNED BY public.room.id;


--
-- Name: screening; Type: TABLE; Schema: public; Owner: cinema
--

CREATE TABLE public.screening (
    id integer NOT NULL,
    start_time timestamp without time zone NOT NULL,
    end_time timestamp without time zone NOT NULL,
    created_at timestamp without time zone DEFAULT now() NOT NULL,
    updated_at timestamp without time zone DEFAULT now() NOT NULL,
    movie_id integer NOT NULL,
    room_id integer NOT NULL
);


ALTER TABLE public.screening OWNER TO cinema;

--
-- Name: screening_id_seq; Type: SEQUENCE; Schema: public; Owner: cinema
--

CREATE SEQUENCE public.screening_id_seq
    AS integer
    START WITH 1
    INCREMENT BY 1
    NO MINVALUE
    NO MAXVALUE
    CACHE 1;


ALTER SEQUENCE public.screening_id_seq OWNER TO cinema;

--
-- Name: screening_id_seq; Type: SEQUENCE OWNED BY; Schema: public; Owner: cinema
--

ALTER SEQUENCE public.screening_id_seq OWNED BY public.screening.id;


--
-- Name: ticket; Type: TABLE; Schema: public; Owner: cinema
--

CREATE TABLE public.ticket (
    id integer NOT NULL,
    type public.ticket_type_enum NOT NULL,
    remaining_uses integer NOT NULL,
    purchased_at timestamp without time zone DEFAULT now() NOT NULL,
    user_id integer NOT NULL
);


ALTER TABLE public.ticket OWNER TO cinema;

--
-- Name: ticket_id_seq; Type: SEQUENCE; Schema: public; Owner: cinema
--

CREATE SEQUENCE public.ticket_id_seq
    AS integer
    START WITH 1
    INCREMENT BY 1
    NO MINVALUE
    NO MAXVALUE
    CACHE 1;


ALTER SEQUENCE public.ticket_id_seq OWNER TO cinema;

--
-- Name: ticket_id_seq; Type: SEQUENCE OWNED BY; Schema: public; Owner: cinema
--

ALTER SEQUENCE public.ticket_id_seq OWNED BY public.ticket.id;


--
-- Name: ticket_usage; Type: TABLE; Schema: public; Owner: cinema
--

CREATE TABLE public.ticket_usage (
    id integer NOT NULL,
    used_at timestamp without time zone DEFAULT now() NOT NULL,
    ticket_id integer NOT NULL,
    screening_id integer NOT NULL
);


ALTER TABLE public.ticket_usage OWNER TO cinema;

--
-- Name: ticket_usage_id_seq; Type: SEQUENCE; Schema: public; Owner: cinema
--

CREATE SEQUENCE public.ticket_usage_id_seq
    AS integer
    START WITH 1
    INCREMENT BY 1
    NO MINVALUE
    NO MAXVALUE
    CACHE 1;


ALTER SEQUENCE public.ticket_usage_id_seq OWNER TO cinema;

--
-- Name: ticket_usage_id_seq; Type: SEQUENCE OWNED BY; Schema: public; Owner: cinema
--

ALTER SEQUENCE public.ticket_usage_id_seq OWNED BY public.ticket_usage.id;


--
-- Name: token; Type: TABLE; Schema: public; Owner: cinema
--

CREATE TABLE public.token (
    id integer NOT NULL,
    token text NOT NULL,
    expires_at timestamp without time zone NOT NULL,
    created_at timestamp without time zone DEFAULT now() NOT NULL,
    revoked_at timestamp without time zone,
    user_id integer NOT NULL
);


ALTER TABLE public.token OWNER TO cinema;

--
-- Name: token_id_seq; Type: SEQUENCE; Schema: public; Owner: cinema
--

CREATE SEQUENCE public.token_id_seq
    AS integer
    START WITH 1
    INCREMENT BY 1
    NO MINVALUE
    NO MAXVALUE
    CACHE 1;


ALTER SEQUENCE public.token_id_seq OWNER TO cinema;

--
-- Name: token_id_seq; Type: SEQUENCE OWNED BY; Schema: public; Owner: cinema
--

ALTER SEQUENCE public.token_id_seq OWNED BY public.token.id;


--
-- Name: transaction; Type: TABLE; Schema: public; Owner: cinema
--

CREATE TABLE public.transaction (
    id integer NOT NULL,
    type public.transaction_type_enum NOT NULL,
    amount numeric(10,2) NOT NULL,
    description text,
    created_at timestamp without time zone DEFAULT now() NOT NULL,
    user_id integer NOT NULL
);


ALTER TABLE public.transaction OWNER TO cinema;

--
-- Name: transaction_id_seq; Type: SEQUENCE; Schema: public; Owner: cinema
--

CREATE SEQUENCE public.transaction_id_seq
    AS integer
    START WITH 1
    INCREMENT BY 1
    NO MINVALUE
    NO MAXVALUE
    CACHE 1;


ALTER SEQUENCE public.transaction_id_seq OWNER TO cinema;

--
-- Name: transaction_id_seq; Type: SEQUENCE OWNED BY; Schema: public; Owner: cinema
--

ALTER SEQUENCE public.transaction_id_seq OWNED BY public.transaction.id;


--
-- Name: users; Type: TABLE; Schema: public; Owner: cinema
--

CREATE TABLE public.users (
    id integer NOT NULL,
    email character varying(255) NOT NULL,
    password character varying(255) NOT NULL,
    role public.users_role_enum DEFAULT 'client'::public.users_role_enum NOT NULL,
    balance numeric(10,2) DEFAULT '0'::numeric NOT NULL,
    first_name character varying(100),
    last_name character varying(100),
    created_at timestamp without time zone DEFAULT now() NOT NULL,
    updated_at timestamp without time zone DEFAULT now() NOT NULL,
    deleted_at timestamp without time zone
);


ALTER TABLE public.users OWNER TO cinema;

--
-- Name: users_id_seq; Type: SEQUENCE; Schema: public; Owner: cinema
--

CREATE SEQUENCE public.users_id_seq
    AS integer
    START WITH 1
    INCREMENT BY 1
    NO MINVALUE
    NO MAXVALUE
    CACHE 1;


ALTER SEQUENCE public.users_id_seq OWNER TO cinema;

--
-- Name: users_id_seq; Type: SEQUENCE OWNED BY; Schema: public; Owner: cinema
--

ALTER SEQUENCE public.users_id_seq OWNED BY public.users.id;


--
-- Name: movie id; Type: DEFAULT; Schema: public; Owner: cinema
--

ALTER TABLE ONLY public.movie ALTER COLUMN id SET DEFAULT nextval('public.movie_id_seq'::regclass);


--
-- Name: room id; Type: DEFAULT; Schema: public; Owner: cinema
--

ALTER TABLE ONLY public.room ALTER COLUMN id SET DEFAULT nextval('public.room_id_seq'::regclass);


--
-- Name: screening id; Type: DEFAULT; Schema: public; Owner: cinema
--

ALTER TABLE ONLY public.screening ALTER COLUMN id SET DEFAULT nextval('public.screening_id_seq'::regclass);


--
-- Name: ticket id; Type: DEFAULT; Schema: public; Owner: cinema
--

ALTER TABLE ONLY public.ticket ALTER COLUMN id SET DEFAULT nextval('public.ticket_id_seq'::regclass);


--
-- Name: ticket_usage id; Type: DEFAULT; Schema: public; Owner: cinema
--

ALTER TABLE ONLY public.ticket_usage ALTER COLUMN id SET DEFAULT nextval('public.ticket_usage_id_seq'::regclass);


--
-- Name: token id; Type: DEFAULT; Schema: public; Owner: cinema
--

ALTER TABLE ONLY public.token ALTER COLUMN id SET DEFAULT nextval('public.token_id_seq'::regclass);


--
-- Name: transaction id; Type: DEFAULT; Schema: public; Owner: cinema
--

ALTER TABLE ONLY public.transaction ALTER COLUMN id SET DEFAULT nextval('public.transaction_id_seq'::regclass);


--
-- Name: users id; Type: DEFAULT; Schema: public; Owner: cinema
--

ALTER TABLE ONLY public.users ALTER COLUMN id SET DEFAULT nextval('public.users_id_seq'::regclass);


--
-- Data for Name: movie; Type: TABLE DATA; Schema: public; Owner: cinema
--

COPY public.movie (id, title, description, duration, genre, poster_url, release_date, created_at, updated_at) FROM stdin;
1	Inception	Un voleur expérimenté dans l'extraction de secrets via les rêves.	148	Science-Fiction	\N	2010-07-21	2026-05-05 13:49:51.772866	2026-05-05 13:49:51.772866
2	La Reine des Neiges	Anna part à la recherche de sa soeur Elsa dans un royaume gelé.	102	Animation	\N	2013-12-04	2026-05-05 13:49:51.777073	2026-05-05 13:49:51.777073
3	Dune: Deuxième Partie	Paul Atréides s'unit aux Fremen pour venger sa famille.	166	Science-Fiction	\N	2024-02-28	2026-05-05 13:49:51.780706	2026-05-05 13:49:51.780706
4	Le Roi Lion	Le jeune Simba apprend à devenir roi de la savane.	88	Animation	\N	1994-06-15	2026-05-05 13:49:51.784397	2026-05-05 13:49:51.784397
5	Interstellar	Un voyage à travers l'espace pour sauver l'humanité.	169	Science-Fiction	\N	2014-11-05	2026-05-05 13:49:51.787954	2026-05-05 13:49:51.787954
6	Le Parrain	L'histoire d'une famille mafieuse italo-américaine.	175	Drame	\N	1972-03-24	2026-05-05 13:49:51.7914	2026-05-05 13:49:51.7914
7	Toy Story	Les jouets de Andy prennent vie quand personne ne les regarde.	81	Animation	\N	1995-11-22	2026-05-05 13:49:51.795161	2026-05-05 13:49:51.795161
\.


--
-- Data for Name: room; Type: TABLE DATA; Schema: public; Owner: cinema
--

COPY public.room (id, name, description, image_url, type, capacity, has_disabled_access, is_maintenance, created_at, updated_at) FROM stdin;
1	Salle 1 - Lumière	Salle classique 2D	\N	2D	25	t	f	2026-05-05 13:49:51.800673	2026-05-05 13:49:51.800673
2	Salle 2 - Méliès	Salle premium IMAX	\N	IMAX	30	t	f	2026-05-05 13:49:51.805391	2026-05-05 13:49:51.805391
3	Salle 3 - Gondry	Salle VIP premium	\N	VIP	15	f	f	2026-05-05 13:49:51.809254	2026-05-05 13:49:51.809254
4	Salle 4 - Truffaut	Salle 3D	\N	3D	22	t	f	2026-05-05 13:49:51.812993	2026-05-05 13:49:51.812993
5	Salle 5 - Renoir	Salle 4DX immersive	\N	4DX	20	f	f	2026-05-05 13:49:51.817034	2026-05-05 13:49:51.817034
6	Salle 6 - Godard	Salle 2D	\N	2D	28	t	f	2026-05-05 13:49:51.820595	2026-05-05 13:49:51.820595
7	Salle 7 - Varda	Salle 3D	\N	3D	18	t	f	2026-05-05 13:49:51.824002	2026-05-05 13:49:51.824002
8	Salle 8 - Resnais	Salle IMAX	\N	IMAX	30	t	f	2026-05-05 13:49:51.827339	2026-05-05 13:49:51.827339
9	Salle 9 - Demy	Salle 2D enfants	\N	2D	16	t	f	2026-05-05 13:49:51.830968	2026-05-05 13:49:51.830968
10	Salle 10 - Kassovitz	Salle 4DX	\N	4DX	24	f	f	2026-05-05 13:49:51.834969	2026-05-05 13:49:51.834969
11	Salle 11 - Audiard	Salle VIP	\N	VIP	15	t	f	2026-05-05 13:49:51.840491	2026-05-05 13:49:51.840491
12	Salle 12 - Besson	Salle 2D	\N	2D	26	t	f	2026-05-05 13:49:51.84413	2026-05-05 13:49:51.84413
\.


--
-- Data for Name: screening; Type: TABLE DATA; Schema: public; Owner: cinema
--

COPY public.screening (id, start_time, end_time, created_at, updated_at, movie_id, room_id) FROM stdin;
1	2026-05-11 10:00:00	2026-05-11 12:58:00	2026-05-05 13:49:51.849615	2026-05-05 13:49:51.849615	1	1
2	2026-05-11 10:00:00	2026-05-11 12:12:00	2026-05-05 13:49:51.854698	2026-05-05 13:49:51.854698	2	2
3	2026-05-11 10:00:00	2026-05-11 13:16:00	2026-05-05 13:49:51.858609	2026-05-05 13:49:51.858609	3	3
4	2026-05-11 10:00:00	2026-05-11 11:58:00	2026-05-05 13:49:51.862399	2026-05-05 13:49:51.862399	4	4
5	2026-05-11 10:00:00	2026-05-11 13:19:00	2026-05-05 13:49:51.866294	2026-05-05 13:49:51.866294	5	5
6	2026-05-11 10:00:00	2026-05-11 13:25:00	2026-05-05 13:49:51.870287	2026-05-05 13:49:51.870287	6	6
7	2026-05-11 10:00:00	2026-05-11 11:51:00	2026-05-05 13:49:51.874166	2026-05-05 13:49:51.874166	7	7
8	2026-05-11 14:00:00	2026-05-11 16:12:00	2026-05-05 13:49:51.877737	2026-05-05 13:49:51.877737	2	1
9	2026-05-11 14:00:00	2026-05-11 17:16:00	2026-05-05 13:49:51.881169	2026-05-05 13:49:51.881169	3	2
10	2026-05-11 14:00:00	2026-05-11 15:58:00	2026-05-05 13:49:51.884622	2026-05-05 13:49:51.884622	4	3
11	2026-05-11 14:00:00	2026-05-11 17:19:00	2026-05-05 13:49:51.888302	2026-05-05 13:49:51.888302	5	4
12	2026-05-11 14:00:00	2026-05-11 17:25:00	2026-05-05 13:49:51.891906	2026-05-05 13:49:51.891906	6	5
13	2026-05-11 14:00:00	2026-05-11 15:51:00	2026-05-05 13:49:51.895899	2026-05-05 13:49:51.895899	7	6
14	2026-05-11 14:00:00	2026-05-11 16:58:00	2026-05-05 13:49:51.899442	2026-05-05 13:49:51.899442	1	7
15	2026-05-11 17:30:00	2026-05-11 19:28:00	2026-05-05 13:49:51.903206	2026-05-05 13:49:51.903206	4	2
16	2026-05-11 17:30:00	2026-05-11 19:21:00	2026-05-05 13:49:51.906761	2026-05-05 13:49:51.906761	7	5
17	2026-05-11 17:30:00	2026-05-11 19:42:00	2026-05-05 13:49:51.910053	2026-05-05 13:49:51.910053	2	7
18	2026-05-12 10:00:00	2026-05-12 11:58:00	2026-05-05 13:49:51.913529	2026-05-05 13:49:51.913529	4	1
19	2026-05-12 10:00:00	2026-05-12 13:19:00	2026-05-05 13:49:51.917021	2026-05-05 13:49:51.917021	5	2
20	2026-05-12 10:00:00	2026-05-12 13:25:00	2026-05-05 13:49:51.920465	2026-05-05 13:49:51.920465	6	3
21	2026-05-12 10:00:00	2026-05-12 11:51:00	2026-05-05 13:49:51.924029	2026-05-05 13:49:51.924029	7	4
22	2026-05-12 10:00:00	2026-05-12 12:58:00	2026-05-05 13:49:51.927809	2026-05-05 13:49:51.927809	1	5
23	2026-05-12 10:00:00	2026-05-12 12:12:00	2026-05-05 13:49:51.931368	2026-05-05 13:49:51.931368	2	6
24	2026-05-12 10:00:00	2026-05-12 13:16:00	2026-05-05 13:49:51.934969	2026-05-05 13:49:51.934969	3	7
25	2026-05-12 14:00:00	2026-05-12 17:19:00	2026-05-05 13:49:51.938716	2026-05-05 13:49:51.938716	5	1
26	2026-05-12 14:00:00	2026-05-12 17:25:00	2026-05-05 13:49:51.942426	2026-05-05 13:49:51.942426	6	2
27	2026-05-12 14:00:00	2026-05-12 15:51:00	2026-05-05 13:49:51.946004	2026-05-05 13:49:51.946004	7	3
28	2026-05-12 14:00:00	2026-05-12 16:58:00	2026-05-05 13:49:51.949655	2026-05-05 13:49:51.949655	1	4
29	2026-05-12 14:00:00	2026-05-12 16:12:00	2026-05-05 13:49:51.953325	2026-05-05 13:49:51.953325	2	5
30	2026-05-12 14:00:00	2026-05-12 17:16:00	2026-05-05 13:49:51.957119	2026-05-05 13:49:51.957119	3	6
31	2026-05-12 14:00:00	2026-05-12 15:58:00	2026-05-05 13:49:51.960797	2026-05-05 13:49:51.960797	4	7
32	2026-05-12 17:30:00	2026-05-12 19:21:00	2026-05-05 13:49:51.964318	2026-05-05 13:49:51.964318	7	2
33	2026-05-12 17:30:00	2026-05-12 19:42:00	2026-05-05 13:49:51.967782	2026-05-05 13:49:51.967782	2	4
34	2026-05-12 17:30:00	2026-05-12 19:28:00	2026-05-05 13:49:51.971835	2026-05-05 13:49:51.971835	4	6
35	2026-05-13 10:00:00	2026-05-13 11:51:00	2026-05-05 13:49:51.975178	2026-05-05 13:49:51.975178	7	1
36	2026-05-13 10:00:00	2026-05-13 12:58:00	2026-05-05 13:49:51.978841	2026-05-05 13:49:51.978841	1	2
37	2026-05-13 10:00:00	2026-05-13 12:12:00	2026-05-05 13:49:51.982639	2026-05-05 13:49:51.982639	2	3
38	2026-05-13 10:00:00	2026-05-13 13:16:00	2026-05-05 13:49:51.986611	2026-05-05 13:49:51.986611	3	4
39	2026-05-13 10:00:00	2026-05-13 11:58:00	2026-05-05 13:49:51.990359	2026-05-05 13:49:51.990359	4	5
40	2026-05-13 10:00:00	2026-05-13 13:19:00	2026-05-05 13:49:51.993829	2026-05-05 13:49:51.993829	5	6
41	2026-05-13 10:00:00	2026-05-13 13:25:00	2026-05-05 13:49:51.997278	2026-05-05 13:49:51.997278	6	7
42	2026-05-13 14:00:00	2026-05-13 16:58:00	2026-05-05 13:49:52.000969	2026-05-05 13:49:52.000969	1	1
43	2026-05-13 14:00:00	2026-05-13 16:12:00	2026-05-05 13:49:52.004624	2026-05-05 13:49:52.004624	2	2
44	2026-05-13 14:00:00	2026-05-13 17:16:00	2026-05-05 13:49:52.008174	2026-05-05 13:49:52.008174	3	3
45	2026-05-13 14:00:00	2026-05-13 15:58:00	2026-05-05 13:49:52.011949	2026-05-05 13:49:52.011949	4	4
46	2026-05-13 14:00:00	2026-05-13 17:19:00	2026-05-05 13:49:52.016313	2026-05-05 13:49:52.016313	5	5
47	2026-05-13 14:00:00	2026-05-13 17:25:00	2026-05-05 13:49:52.020554	2026-05-05 13:49:52.020554	6	6
48	2026-05-13 14:00:00	2026-05-13 15:51:00	2026-05-05 13:49:52.024186	2026-05-05 13:49:52.024186	7	7
49	2026-05-13 17:30:00	2026-05-13 19:42:00	2026-05-05 13:49:52.027611	2026-05-05 13:49:52.027611	2	1
50	2026-05-13 17:30:00	2026-05-13 19:28:00	2026-05-05 13:49:52.031156	2026-05-05 13:49:52.031156	4	3
51	2026-05-13 17:30:00	2026-05-13 19:21:00	2026-05-05 13:49:52.034863	2026-05-05 13:49:52.034863	7	6
52	2026-05-14 10:00:00	2026-05-14 13:16:00	2026-05-05 13:49:52.038579	2026-05-05 13:49:52.038579	3	1
53	2026-05-14 10:00:00	2026-05-14 11:58:00	2026-05-05 13:49:52.042062	2026-05-05 13:49:52.042062	4	2
54	2026-05-14 10:00:00	2026-05-14 13:19:00	2026-05-05 13:49:52.046259	2026-05-05 13:49:52.046259	5	3
55	2026-05-14 10:00:00	2026-05-14 13:25:00	2026-05-05 13:49:52.049912	2026-05-05 13:49:52.049912	6	4
56	2026-05-14 10:00:00	2026-05-14 11:51:00	2026-05-05 13:49:52.053496	2026-05-05 13:49:52.053496	7	5
57	2026-05-14 10:00:00	2026-05-14 12:58:00	2026-05-05 13:49:52.057329	2026-05-05 13:49:52.057329	1	6
58	2026-05-14 10:00:00	2026-05-14 12:12:00	2026-05-05 13:49:52.06084	2026-05-05 13:49:52.06084	2	7
59	2026-05-14 14:00:00	2026-05-14 15:58:00	2026-05-05 13:49:52.064634	2026-05-05 13:49:52.064634	4	1
60	2026-05-14 14:00:00	2026-05-14 17:19:00	2026-05-05 13:49:52.068215	2026-05-05 13:49:52.068215	5	2
61	2026-05-14 14:00:00	2026-05-14 17:25:00	2026-05-05 13:49:52.071563	2026-05-05 13:49:52.071563	6	3
62	2026-05-14 14:00:00	2026-05-14 15:51:00	2026-05-05 13:49:52.07534	2026-05-05 13:49:52.07534	7	4
63	2026-05-14 14:00:00	2026-05-14 16:58:00	2026-05-05 13:49:52.079149	2026-05-05 13:49:52.079149	1	5
64	2026-05-14 14:00:00	2026-05-14 16:12:00	2026-05-05 13:49:52.082849	2026-05-05 13:49:52.082849	2	6
65	2026-05-14 14:00:00	2026-05-14 17:16:00	2026-05-05 13:49:52.08695	2026-05-05 13:49:52.08695	3	7
66	2026-05-14 17:30:00	2026-05-14 19:21:00	2026-05-05 13:49:52.090444	2026-05-05 13:49:52.090444	7	3
67	2026-05-14 17:30:00	2026-05-14 19:42:00	2026-05-05 13:49:52.093973	2026-05-05 13:49:52.093973	2	5
68	2026-05-14 17:30:00	2026-05-14 19:28:00	2026-05-05 13:49:52.09744	2026-05-05 13:49:52.09744	4	7
69	2026-05-15 10:00:00	2026-05-15 13:25:00	2026-05-05 13:49:52.101256	2026-05-05 13:49:52.101256	6	1
70	2026-05-15 10:00:00	2026-05-15 11:51:00	2026-05-05 13:49:52.105323	2026-05-05 13:49:52.105323	7	2
71	2026-05-15 10:00:00	2026-05-15 12:58:00	2026-05-05 13:49:52.109093	2026-05-05 13:49:52.109093	1	3
72	2026-05-15 10:00:00	2026-05-15 12:12:00	2026-05-05 13:49:52.112734	2026-05-05 13:49:52.112734	2	4
73	2026-05-15 10:00:00	2026-05-15 13:16:00	2026-05-05 13:49:52.116122	2026-05-05 13:49:52.116122	3	5
74	2026-05-15 10:00:00	2026-05-15 11:58:00	2026-05-05 13:49:52.119664	2026-05-05 13:49:52.119664	4	6
75	2026-05-15 10:00:00	2026-05-15 13:19:00	2026-05-05 13:49:52.122843	2026-05-05 13:49:52.122843	5	7
76	2026-05-15 14:00:00	2026-05-15 15:51:00	2026-05-05 13:49:52.126141	2026-05-05 13:49:52.126141	7	1
77	2026-05-15 14:00:00	2026-05-15 16:58:00	2026-05-05 13:49:52.129556	2026-05-05 13:49:52.129556	1	2
78	2026-05-15 14:00:00	2026-05-15 16:12:00	2026-05-05 13:49:52.133181	2026-05-05 13:49:52.133181	2	3
79	2026-05-15 14:00:00	2026-05-15 17:16:00	2026-05-05 13:49:52.13676	2026-05-05 13:49:52.13676	3	4
80	2026-05-15 14:00:00	2026-05-15 15:58:00	2026-05-05 13:49:52.141075	2026-05-05 13:49:52.141075	4	5
81	2026-05-15 14:00:00	2026-05-15 17:19:00	2026-05-05 13:49:52.144571	2026-05-05 13:49:52.144571	5	6
82	2026-05-15 14:00:00	2026-05-15 17:25:00	2026-05-05 13:49:52.147919	2026-05-05 13:49:52.147919	6	7
83	2026-05-15 17:30:00	2026-05-15 19:42:00	2026-05-05 13:49:52.151184	2026-05-05 13:49:52.151184	2	2
84	2026-05-15 17:30:00	2026-05-15 19:28:00	2026-05-05 13:49:52.154817	2026-05-05 13:49:52.154817	4	4
85	2026-05-15 17:30:00	2026-05-15 19:21:00	2026-05-05 13:49:52.158412	2026-05-05 13:49:52.158412	7	7
86	2026-05-18 10:00:00	2026-05-18 12:12:00	2026-05-05 13:49:52.162155	2026-05-05 13:49:52.162155	2	1
87	2026-05-18 10:00:00	2026-05-18 13:16:00	2026-05-05 13:49:52.166554	2026-05-05 13:49:52.166554	3	2
88	2026-05-18 10:00:00	2026-05-18 11:58:00	2026-05-05 13:49:52.170211	2026-05-05 13:49:52.170211	4	3
89	2026-05-18 10:00:00	2026-05-18 13:19:00	2026-05-05 13:49:52.173678	2026-05-05 13:49:52.173678	5	4
90	2026-05-18 10:00:00	2026-05-18 13:25:00	2026-05-05 13:49:52.176972	2026-05-05 13:49:52.176972	6	5
91	2026-05-18 10:00:00	2026-05-18 11:51:00	2026-05-05 13:49:52.180114	2026-05-05 13:49:52.180114	7	6
92	2026-05-18 10:00:00	2026-05-18 12:58:00	2026-05-05 13:49:52.18336	2026-05-05 13:49:52.18336	1	7
93	2026-05-18 14:00:00	2026-05-18 17:16:00	2026-05-05 13:49:52.186731	2026-05-05 13:49:52.186731	3	1
94	2026-05-18 14:00:00	2026-05-18 15:58:00	2026-05-05 13:49:52.189902	2026-05-05 13:49:52.189902	4	2
95	2026-05-18 14:00:00	2026-05-18 17:19:00	2026-05-05 13:49:52.192965	2026-05-05 13:49:52.192965	5	3
96	2026-05-18 14:00:00	2026-05-18 17:25:00	2026-05-05 13:49:52.196241	2026-05-05 13:49:52.196241	6	4
97	2026-05-18 14:00:00	2026-05-18 15:51:00	2026-05-05 13:49:52.199916	2026-05-05 13:49:52.199916	7	5
98	2026-05-18 14:00:00	2026-05-18 16:58:00	2026-05-05 13:49:52.203483	2026-05-05 13:49:52.203483	1	6
99	2026-05-18 14:00:00	2026-05-18 16:12:00	2026-05-05 13:49:52.206983	2026-05-05 13:49:52.206983	2	7
100	2026-05-18 17:30:00	2026-05-18 19:28:00	2026-05-05 13:49:52.210396	2026-05-05 13:49:52.210396	4	1
101	2026-05-18 17:30:00	2026-05-18 19:21:00	2026-05-05 13:49:52.213871	2026-05-05 13:49:52.213871	7	4
102	2026-05-18 17:30:00	2026-05-18 19:42:00	2026-05-05 13:49:52.21724	2026-05-05 13:49:52.21724	2	6
103	2026-05-19 10:00:00	2026-05-19 13:19:00	2026-05-05 13:49:52.220547	2026-05-05 13:49:52.220547	5	1
104	2026-05-19 10:00:00	2026-05-19 13:25:00	2026-05-05 13:49:52.223981	2026-05-05 13:49:52.223981	6	2
105	2026-05-19 10:00:00	2026-05-19 11:51:00	2026-05-05 13:49:52.22755	2026-05-05 13:49:52.22755	7	3
106	2026-05-19 10:00:00	2026-05-19 12:58:00	2026-05-05 13:49:52.23125	2026-05-05 13:49:52.23125	1	4
107	2026-05-19 10:00:00	2026-05-19 12:12:00	2026-05-05 13:49:52.234482	2026-05-05 13:49:52.234482	2	5
108	2026-05-19 10:00:00	2026-05-19 13:16:00	2026-05-05 13:49:52.237692	2026-05-05 13:49:52.237692	3	6
109	2026-05-19 10:00:00	2026-05-19 11:58:00	2026-05-05 13:49:52.241296	2026-05-05 13:49:52.241296	4	7
110	2026-05-19 14:00:00	2026-05-19 17:25:00	2026-05-05 13:49:52.244557	2026-05-05 13:49:52.244557	6	1
111	2026-05-19 14:00:00	2026-05-19 15:51:00	2026-05-05 13:49:52.247796	2026-05-05 13:49:52.247796	7	2
112	2026-05-19 14:00:00	2026-05-19 16:58:00	2026-05-05 13:49:52.251185	2026-05-05 13:49:52.251185	1	3
113	2026-05-19 14:00:00	2026-05-19 16:12:00	2026-05-05 13:49:52.254508	2026-05-05 13:49:52.254508	2	4
114	2026-05-19 14:00:00	2026-05-19 17:16:00	2026-05-05 13:49:52.258149	2026-05-05 13:49:52.258149	3	5
115	2026-05-19 14:00:00	2026-05-19 15:58:00	2026-05-05 13:49:52.261722	2026-05-05 13:49:52.261722	4	6
116	2026-05-19 14:00:00	2026-05-19 17:19:00	2026-05-05 13:49:52.265192	2026-05-05 13:49:52.265192	5	7
117	2026-05-19 17:30:00	2026-05-19 19:21:00	2026-05-05 13:49:52.268483	2026-05-05 13:49:52.268483	7	1
118	2026-05-19 17:30:00	2026-05-19 19:42:00	2026-05-05 13:49:52.271634	2026-05-05 13:49:52.271634	2	3
119	2026-05-19 17:30:00	2026-05-19 19:28:00	2026-05-05 13:49:52.275511	2026-05-05 13:49:52.275511	4	5
120	2026-05-20 10:00:00	2026-05-20 12:58:00	2026-05-05 13:49:52.278738	2026-05-05 13:49:52.278738	1	1
121	2026-05-20 10:00:00	2026-05-20 12:12:00	2026-05-05 13:49:52.282095	2026-05-05 13:49:52.282095	2	2
122	2026-05-20 10:00:00	2026-05-20 13:16:00	2026-05-05 13:49:52.285276	2026-05-05 13:49:52.285276	3	3
123	2026-05-20 10:00:00	2026-05-20 11:58:00	2026-05-05 13:49:52.288422	2026-05-05 13:49:52.288422	4	4
124	2026-05-20 10:00:00	2026-05-20 13:19:00	2026-05-05 13:49:52.291982	2026-05-05 13:49:52.291982	5	5
125	2026-05-20 10:00:00	2026-05-20 13:25:00	2026-05-05 13:49:52.295558	2026-05-05 13:49:52.295558	6	6
126	2026-05-20 10:00:00	2026-05-20 11:51:00	2026-05-05 13:49:52.298799	2026-05-05 13:49:52.298799	7	7
127	2026-05-20 14:00:00	2026-05-20 16:12:00	2026-05-05 13:49:52.302058	2026-05-05 13:49:52.302058	2	1
128	2026-05-20 14:00:00	2026-05-20 17:16:00	2026-05-05 13:49:52.305605	2026-05-05 13:49:52.305605	3	2
129	2026-05-20 14:00:00	2026-05-20 15:58:00	2026-05-05 13:49:52.308932	2026-05-05 13:49:52.308932	4	3
130	2026-05-20 14:00:00	2026-05-20 17:19:00	2026-05-05 13:49:52.311989	2026-05-05 13:49:52.311989	5	4
131	2026-05-20 14:00:00	2026-05-20 17:25:00	2026-05-05 13:49:52.315735	2026-05-05 13:49:52.315735	6	5
132	2026-05-20 14:00:00	2026-05-20 15:51:00	2026-05-05 13:49:52.319011	2026-05-05 13:49:52.319011	7	6
133	2026-05-20 14:00:00	2026-05-20 16:58:00	2026-05-05 13:49:52.322599	2026-05-05 13:49:52.322599	1	7
134	2026-05-20 17:30:00	2026-05-20 19:28:00	2026-05-05 13:49:52.326071	2026-05-05 13:49:52.326071	4	2
135	2026-05-20 17:30:00	2026-05-20 19:21:00	2026-05-05 13:49:52.329671	2026-05-05 13:49:52.329671	7	5
136	2026-05-20 17:30:00	2026-05-20 19:42:00	2026-05-05 13:49:52.332823	2026-05-05 13:49:52.332823	2	7
137	2026-05-21 10:00:00	2026-05-21 11:58:00	2026-05-05 13:49:52.336612	2026-05-05 13:49:52.336612	4	1
138	2026-05-21 10:00:00	2026-05-21 13:19:00	2026-05-05 13:49:52.339943	2026-05-05 13:49:52.339943	5	2
139	2026-05-21 10:00:00	2026-05-21 13:25:00	2026-05-05 13:49:52.343083	2026-05-05 13:49:52.343083	6	3
140	2026-05-21 10:00:00	2026-05-21 11:51:00	2026-05-05 13:49:52.346292	2026-05-05 13:49:52.346292	7	4
141	2026-05-21 10:00:00	2026-05-21 12:58:00	2026-05-05 13:49:52.349582	2026-05-05 13:49:52.349582	1	5
142	2026-05-21 10:00:00	2026-05-21 12:12:00	2026-05-05 13:49:52.353094	2026-05-05 13:49:52.353094	2	6
143	2026-05-21 10:00:00	2026-05-21 13:16:00	2026-05-05 13:49:52.35646	2026-05-05 13:49:52.35646	3	7
144	2026-05-21 14:00:00	2026-05-21 17:19:00	2026-05-05 13:49:52.359938	2026-05-05 13:49:52.359938	5	1
145	2026-05-21 14:00:00	2026-05-21 17:25:00	2026-05-05 13:49:52.363419	2026-05-05 13:49:52.363419	6	2
146	2026-05-21 14:00:00	2026-05-21 15:51:00	2026-05-05 13:49:52.366755	2026-05-05 13:49:52.366755	7	3
147	2026-05-21 14:00:00	2026-05-21 16:58:00	2026-05-05 13:49:52.369997	2026-05-05 13:49:52.369997	1	4
148	2026-05-21 14:00:00	2026-05-21 16:12:00	2026-05-05 13:49:52.373278	2026-05-05 13:49:52.373278	2	5
149	2026-05-21 14:00:00	2026-05-21 17:16:00	2026-05-05 13:49:52.376719	2026-05-05 13:49:52.376719	3	6
150	2026-05-21 14:00:00	2026-05-21 15:58:00	2026-05-05 13:49:52.380149	2026-05-05 13:49:52.380149	4	7
151	2026-05-21 17:30:00	2026-05-21 19:21:00	2026-05-05 13:49:52.383507	2026-05-05 13:49:52.383507	7	2
152	2026-05-21 17:30:00	2026-05-21 19:42:00	2026-05-05 13:49:52.386956	2026-05-05 13:49:52.386956	2	4
153	2026-05-21 17:30:00	2026-05-21 19:28:00	2026-05-05 13:49:52.39064	2026-05-05 13:49:52.39064	4	6
154	2026-05-22 10:00:00	2026-05-22 11:51:00	2026-05-05 13:49:52.394174	2026-05-05 13:49:52.394174	7	1
155	2026-05-22 10:00:00	2026-05-22 12:58:00	2026-05-05 13:49:52.397448	2026-05-05 13:49:52.397448	1	2
156	2026-05-22 10:00:00	2026-05-22 12:12:00	2026-05-05 13:49:52.400632	2026-05-05 13:49:52.400632	2	3
157	2026-05-22 10:00:00	2026-05-22 13:16:00	2026-05-05 13:49:52.404268	2026-05-05 13:49:52.404268	3	4
158	2026-05-22 10:00:00	2026-05-22 11:58:00	2026-05-05 13:49:52.407739	2026-05-05 13:49:52.407739	4	5
159	2026-05-22 10:00:00	2026-05-22 13:19:00	2026-05-05 13:49:52.411553	2026-05-05 13:49:52.411553	5	6
160	2026-05-22 10:00:00	2026-05-22 13:25:00	2026-05-05 13:49:52.415114	2026-05-05 13:49:52.415114	6	7
161	2026-05-22 14:00:00	2026-05-22 16:58:00	2026-05-05 13:49:52.418503	2026-05-05 13:49:52.418503	1	1
162	2026-05-22 14:00:00	2026-05-22 16:12:00	2026-05-05 13:49:52.421976	2026-05-05 13:49:52.421976	2	2
163	2026-05-22 14:00:00	2026-05-22 17:16:00	2026-05-05 13:49:52.425915	2026-05-05 13:49:52.425915	3	3
164	2026-05-22 14:00:00	2026-05-22 15:58:00	2026-05-05 13:49:52.430128	2026-05-05 13:49:52.430128	4	4
165	2026-05-22 14:00:00	2026-05-22 17:19:00	2026-05-05 13:49:52.433628	2026-05-05 13:49:52.433628	5	5
166	2026-05-22 14:00:00	2026-05-22 17:25:00	2026-05-05 13:49:52.436859	2026-05-05 13:49:52.436859	6	6
167	2026-05-22 14:00:00	2026-05-22 15:51:00	2026-05-05 13:49:52.440436	2026-05-05 13:49:52.440436	7	7
168	2026-05-22 17:30:00	2026-05-22 19:42:00	2026-05-05 13:49:52.443998	2026-05-05 13:49:52.443998	2	1
169	2026-05-22 17:30:00	2026-05-22 19:28:00	2026-05-05 13:49:52.447265	2026-05-05 13:49:52.447265	4	3
170	2026-05-22 17:30:00	2026-05-22 19:21:00	2026-05-05 13:49:52.450643	2026-05-05 13:49:52.450643	7	6
171	2026-05-25 10:00:00	2026-05-25 13:16:00	2026-05-05 13:49:52.453816	2026-05-05 13:49:52.453816	3	1
172	2026-05-25 10:00:00	2026-05-25 11:58:00	2026-05-05 13:49:52.457379	2026-05-05 13:49:52.457379	4	2
173	2026-05-25 10:00:00	2026-05-25 13:19:00	2026-05-05 13:49:52.460651	2026-05-05 13:49:52.460651	5	3
174	2026-05-25 10:00:00	2026-05-25 13:25:00	2026-05-05 13:49:52.463871	2026-05-05 13:49:52.463871	6	4
175	2026-05-25 10:00:00	2026-05-25 11:51:00	2026-05-05 13:49:52.467141	2026-05-05 13:49:52.467141	7	5
176	2026-05-25 10:00:00	2026-05-25 12:58:00	2026-05-05 13:49:52.470453	2026-05-05 13:49:52.470453	1	6
177	2026-05-25 10:00:00	2026-05-25 12:12:00	2026-05-05 13:49:52.47408	2026-05-05 13:49:52.47408	2	7
178	2026-05-25 14:00:00	2026-05-25 15:58:00	2026-05-05 13:49:52.477401	2026-05-05 13:49:52.477401	4	1
179	2026-05-25 14:00:00	2026-05-25 17:19:00	2026-05-05 13:49:52.480735	2026-05-05 13:49:52.480735	5	2
180	2026-05-25 14:00:00	2026-05-25 17:25:00	2026-05-05 13:49:52.483885	2026-05-05 13:49:52.483885	6	3
181	2026-05-25 14:00:00	2026-05-25 15:51:00	2026-05-05 13:49:52.486923	2026-05-05 13:49:52.486923	7	4
182	2026-05-25 14:00:00	2026-05-25 16:58:00	2026-05-05 13:49:52.490084	2026-05-05 13:49:52.490084	1	5
183	2026-05-25 14:00:00	2026-05-25 16:12:00	2026-05-05 13:49:52.496428	2026-05-05 13:49:52.496428	2	6
184	2026-05-25 14:00:00	2026-05-25 17:16:00	2026-05-05 13:49:52.503041	2026-05-05 13:49:52.503041	3	7
185	2026-05-25 17:30:00	2026-05-25 19:21:00	2026-05-05 13:49:52.509934	2026-05-05 13:49:52.509934	7	3
186	2026-05-25 17:30:00	2026-05-25 19:42:00	2026-05-05 13:49:52.516545	2026-05-05 13:49:52.516545	2	5
187	2026-05-25 17:30:00	2026-05-25 19:28:00	2026-05-05 13:49:52.519953	2026-05-05 13:49:52.519953	4	7
188	2026-05-26 10:00:00	2026-05-26 13:25:00	2026-05-05 13:49:52.523295	2026-05-05 13:49:52.523295	6	1
189	2026-05-26 10:00:00	2026-05-26 11:51:00	2026-05-05 13:49:52.526639	2026-05-05 13:49:52.526639	7	2
190	2026-05-26 10:00:00	2026-05-26 12:58:00	2026-05-05 13:49:52.529932	2026-05-05 13:49:52.529932	1	3
191	2026-05-26 10:00:00	2026-05-26 12:12:00	2026-05-05 13:49:52.533788	2026-05-05 13:49:52.533788	2	4
192	2026-05-26 10:00:00	2026-05-26 13:16:00	2026-05-05 13:49:52.537235	2026-05-05 13:49:52.537235	3	5
193	2026-05-26 10:00:00	2026-05-26 11:58:00	2026-05-05 13:49:52.540674	2026-05-05 13:49:52.540674	4	6
194	2026-05-26 10:00:00	2026-05-26 13:19:00	2026-05-05 13:49:52.543966	2026-05-05 13:49:52.543966	5	7
195	2026-05-26 14:00:00	2026-05-26 15:51:00	2026-05-05 13:49:52.547062	2026-05-05 13:49:52.547062	7	1
196	2026-05-26 14:00:00	2026-05-26 16:58:00	2026-05-05 13:49:52.550259	2026-05-05 13:49:52.550259	1	2
197	2026-05-26 14:00:00	2026-05-26 16:12:00	2026-05-05 13:49:52.553673	2026-05-05 13:49:52.553673	2	3
198	2026-05-26 14:00:00	2026-05-26 17:16:00	2026-05-05 13:49:52.557152	2026-05-05 13:49:52.557152	3	4
199	2026-05-26 14:00:00	2026-05-26 15:58:00	2026-05-05 13:49:52.560635	2026-05-05 13:49:52.560635	4	5
200	2026-05-26 14:00:00	2026-05-26 17:19:00	2026-05-05 13:49:52.564229	2026-05-05 13:49:52.564229	5	6
201	2026-05-26 14:00:00	2026-05-26 17:25:00	2026-05-05 13:49:52.567937	2026-05-05 13:49:52.567937	6	7
202	2026-05-26 17:30:00	2026-05-26 19:42:00	2026-05-05 13:49:52.571349	2026-05-05 13:49:52.571349	2	2
203	2026-05-26 17:30:00	2026-05-26 19:28:00	2026-05-05 13:49:52.575166	2026-05-05 13:49:52.575166	4	4
204	2026-05-26 17:30:00	2026-05-26 19:21:00	2026-05-05 13:49:52.578562	2026-05-05 13:49:52.578562	7	7
205	2026-05-27 10:00:00	2026-05-27 12:12:00	2026-05-05 13:49:52.581988	2026-05-05 13:49:52.581988	2	1
206	2026-05-27 10:00:00	2026-05-27 13:16:00	2026-05-05 13:49:52.585351	2026-05-05 13:49:52.585351	3	2
207	2026-05-27 10:00:00	2026-05-27 11:58:00	2026-05-05 13:49:52.588689	2026-05-05 13:49:52.588689	4	3
208	2026-05-27 10:00:00	2026-05-27 13:19:00	2026-05-05 13:49:52.592138	2026-05-05 13:49:52.592138	5	4
209	2026-05-27 10:00:00	2026-05-27 13:25:00	2026-05-05 13:49:52.595801	2026-05-05 13:49:52.595801	6	5
210	2026-05-27 10:00:00	2026-05-27 11:51:00	2026-05-05 13:49:52.599371	2026-05-05 13:49:52.599371	7	6
211	2026-05-27 10:00:00	2026-05-27 12:58:00	2026-05-05 13:49:52.602745	2026-05-05 13:49:52.602745	1	7
212	2026-05-27 14:00:00	2026-05-27 17:16:00	2026-05-05 13:49:52.6061	2026-05-05 13:49:52.6061	3	1
213	2026-05-27 14:00:00	2026-05-27 15:58:00	2026-05-05 13:49:52.609471	2026-05-05 13:49:52.609471	4	2
214	2026-05-27 14:00:00	2026-05-27 17:19:00	2026-05-05 13:49:52.612623	2026-05-05 13:49:52.612623	5	3
215	2026-05-27 14:00:00	2026-05-27 17:25:00	2026-05-05 13:49:52.616047	2026-05-05 13:49:52.616047	6	4
216	2026-05-27 14:00:00	2026-05-27 15:51:00	2026-05-05 13:49:52.619296	2026-05-05 13:49:52.619296	7	5
217	2026-05-27 14:00:00	2026-05-27 16:58:00	2026-05-05 13:49:52.622758	2026-05-05 13:49:52.622758	1	6
218	2026-05-27 14:00:00	2026-05-27 16:12:00	2026-05-05 13:49:52.626204	2026-05-05 13:49:52.626204	2	7
219	2026-05-27 17:30:00	2026-05-27 19:28:00	2026-05-05 13:49:52.629578	2026-05-05 13:49:52.629578	4	1
220	2026-05-27 17:30:00	2026-05-27 19:21:00	2026-05-05 13:49:52.632856	2026-05-05 13:49:52.632856	7	4
221	2026-05-27 17:30:00	2026-05-27 19:42:00	2026-05-05 13:49:52.636133	2026-05-05 13:49:52.636133	2	6
222	2026-05-28 10:00:00	2026-05-28 13:19:00	2026-05-05 13:49:52.639246	2026-05-05 13:49:52.639246	5	1
223	2026-05-28 10:00:00	2026-05-28 13:25:00	2026-05-05 13:49:52.642677	2026-05-05 13:49:52.642677	6	2
224	2026-05-28 10:00:00	2026-05-28 11:51:00	2026-05-05 13:49:52.646046	2026-05-05 13:49:52.646046	7	3
225	2026-05-28 10:00:00	2026-05-28 12:58:00	2026-05-05 13:49:52.649411	2026-05-05 13:49:52.649411	1	4
226	2026-05-28 10:00:00	2026-05-28 12:12:00	2026-05-05 13:49:52.652721	2026-05-05 13:49:52.652721	2	5
227	2026-05-28 10:00:00	2026-05-28 13:16:00	2026-05-05 13:49:52.655975	2026-05-05 13:49:52.655975	3	6
228	2026-05-28 10:00:00	2026-05-28 11:58:00	2026-05-05 13:49:52.659286	2026-05-05 13:49:52.659286	4	7
229	2026-05-28 14:00:00	2026-05-28 17:25:00	2026-05-05 13:49:52.662595	2026-05-05 13:49:52.662595	6	1
230	2026-05-28 14:00:00	2026-05-28 15:51:00	2026-05-05 13:49:52.665662	2026-05-05 13:49:52.665662	7	2
231	2026-05-28 14:00:00	2026-05-28 16:58:00	2026-05-05 13:49:52.66891	2026-05-05 13:49:52.66891	1	3
232	2026-05-28 14:00:00	2026-05-28 16:12:00	2026-05-05 13:49:52.672438	2026-05-05 13:49:52.672438	2	4
233	2026-05-28 14:00:00	2026-05-28 17:16:00	2026-05-05 13:49:52.675838	2026-05-05 13:49:52.675838	3	5
234	2026-05-28 14:00:00	2026-05-28 15:58:00	2026-05-05 13:49:52.679241	2026-05-05 13:49:52.679241	4	6
235	2026-05-28 14:00:00	2026-05-28 17:19:00	2026-05-05 13:49:52.68324	2026-05-05 13:49:52.68324	5	7
236	2026-05-28 17:30:00	2026-05-28 19:21:00	2026-05-05 13:49:52.686793	2026-05-05 13:49:52.686793	7	1
237	2026-05-28 17:30:00	2026-05-28 19:42:00	2026-05-05 13:49:52.690074	2026-05-05 13:49:52.690074	2	3
238	2026-05-28 17:30:00	2026-05-28 19:28:00	2026-05-05 13:49:52.693096	2026-05-05 13:49:52.693096	4	5
239	2026-05-29 10:00:00	2026-05-29 12:58:00	2026-05-05 13:49:52.696364	2026-05-05 13:49:52.696364	1	1
240	2026-05-29 10:00:00	2026-05-29 12:12:00	2026-05-05 13:49:52.699907	2026-05-05 13:49:52.699907	2	2
241	2026-05-29 10:00:00	2026-05-29 13:16:00	2026-05-05 13:49:52.703008	2026-05-05 13:49:52.703008	3	3
242	2026-05-29 10:00:00	2026-05-29 11:58:00	2026-05-05 13:49:52.706189	2026-05-05 13:49:52.706189	4	4
243	2026-05-29 10:00:00	2026-05-29 13:19:00	2026-05-05 13:49:52.709289	2026-05-05 13:49:52.709289	5	5
244	2026-05-29 10:00:00	2026-05-29 13:25:00	2026-05-05 13:49:52.712428	2026-05-05 13:49:52.712428	6	6
245	2026-05-29 10:00:00	2026-05-29 11:51:00	2026-05-05 13:49:52.71579	2026-05-05 13:49:52.71579	7	7
246	2026-05-29 14:00:00	2026-05-29 16:12:00	2026-05-05 13:49:52.718876	2026-05-05 13:49:52.718876	2	1
247	2026-05-29 14:00:00	2026-05-29 17:16:00	2026-05-05 13:49:52.722051	2026-05-05 13:49:52.722051	3	2
248	2026-05-29 14:00:00	2026-05-29 15:58:00	2026-05-05 13:49:52.725249	2026-05-05 13:49:52.725249	4	3
249	2026-05-29 14:00:00	2026-05-29 17:19:00	2026-05-05 13:49:52.728736	2026-05-05 13:49:52.728736	5	4
250	2026-05-29 14:00:00	2026-05-29 17:25:00	2026-05-05 13:49:52.731707	2026-05-05 13:49:52.731707	6	5
251	2026-05-29 14:00:00	2026-05-29 15:51:00	2026-05-05 13:49:52.734773	2026-05-05 13:49:52.734773	7	6
252	2026-05-29 14:00:00	2026-05-29 16:58:00	2026-05-05 13:49:52.737984	2026-05-05 13:49:52.737984	1	7
253	2026-05-29 17:30:00	2026-05-29 19:28:00	2026-05-05 13:49:52.741546	2026-05-05 13:49:52.741546	4	2
254	2026-05-29 17:30:00	2026-05-29 19:21:00	2026-05-05 13:49:52.745449	2026-05-05 13:49:52.745449	7	5
255	2026-05-29 17:30:00	2026-05-29 19:42:00	2026-05-05 13:49:52.749494	2026-05-05 13:49:52.749494	2	7
256	2026-06-01 10:00:00	2026-06-01 11:58:00	2026-05-05 13:49:52.753051	2026-05-05 13:49:52.753051	4	1
257	2026-06-01 10:00:00	2026-06-01 13:19:00	2026-05-05 13:49:52.756404	2026-05-05 13:49:52.756404	5	2
258	2026-06-01 10:00:00	2026-06-01 13:25:00	2026-05-05 13:49:52.759703	2026-05-05 13:49:52.759703	6	3
259	2026-06-01 10:00:00	2026-06-01 11:51:00	2026-05-05 13:49:52.76296	2026-05-05 13:49:52.76296	7	4
260	2026-06-01 10:00:00	2026-06-01 12:58:00	2026-05-05 13:49:52.766559	2026-05-05 13:49:52.766559	1	5
261	2026-06-01 10:00:00	2026-06-01 12:12:00	2026-05-05 13:49:52.77014	2026-05-05 13:49:52.77014	2	6
262	2026-06-01 10:00:00	2026-06-01 13:16:00	2026-05-05 13:49:52.773701	2026-05-05 13:49:52.773701	3	7
263	2026-06-01 14:00:00	2026-06-01 17:19:00	2026-05-05 13:49:52.777137	2026-05-05 13:49:52.777137	5	1
264	2026-06-01 14:00:00	2026-06-01 17:25:00	2026-05-05 13:49:52.780869	2026-05-05 13:49:52.780869	6	2
265	2026-06-01 14:00:00	2026-06-01 15:51:00	2026-05-05 13:49:52.784723	2026-05-05 13:49:52.784723	7	3
266	2026-06-01 14:00:00	2026-06-01 16:58:00	2026-05-05 13:49:52.788272	2026-05-05 13:49:52.788272	1	4
267	2026-06-01 14:00:00	2026-06-01 16:12:00	2026-05-05 13:49:52.791968	2026-05-05 13:49:52.791968	2	5
268	2026-06-01 14:00:00	2026-06-01 17:16:00	2026-05-05 13:49:52.795417	2026-05-05 13:49:52.795417	3	6
269	2026-06-01 14:00:00	2026-06-01 15:58:00	2026-05-05 13:49:52.798742	2026-05-05 13:49:52.798742	4	7
270	2026-06-01 17:30:00	2026-06-01 19:21:00	2026-05-05 13:49:52.802322	2026-05-05 13:49:52.802322	7	2
271	2026-06-01 17:30:00	2026-06-01 19:42:00	2026-05-05 13:49:52.805969	2026-05-05 13:49:52.805969	2	4
272	2026-06-01 17:30:00	2026-06-01 19:28:00	2026-05-05 13:49:52.809336	2026-05-05 13:49:52.809336	4	6
273	2026-06-02 10:00:00	2026-06-02 11:51:00	2026-05-05 13:49:52.812868	2026-05-05 13:49:52.812868	7	1
274	2026-06-02 10:00:00	2026-06-02 12:58:00	2026-05-05 13:49:52.816167	2026-05-05 13:49:52.816167	1	2
275	2026-06-02 10:00:00	2026-06-02 12:12:00	2026-05-05 13:49:52.819321	2026-05-05 13:49:52.819321	2	3
276	2026-06-02 10:00:00	2026-06-02 13:16:00	2026-05-05 13:49:52.822487	2026-05-05 13:49:52.822487	3	4
277	2026-06-02 10:00:00	2026-06-02 11:58:00	2026-05-05 13:49:52.825712	2026-05-05 13:49:52.825712	4	5
278	2026-06-02 10:00:00	2026-06-02 13:19:00	2026-05-05 13:49:52.828863	2026-05-05 13:49:52.828863	5	6
279	2026-06-02 10:00:00	2026-06-02 13:25:00	2026-05-05 13:49:52.832944	2026-05-05 13:49:52.832944	6	7
280	2026-06-02 14:00:00	2026-06-02 16:58:00	2026-05-05 13:49:52.836422	2026-05-05 13:49:52.836422	1	1
281	2026-06-02 14:00:00	2026-06-02 16:12:00	2026-05-05 13:49:52.839634	2026-05-05 13:49:52.839634	2	2
282	2026-06-02 14:00:00	2026-06-02 17:16:00	2026-05-05 13:49:52.842702	2026-05-05 13:49:52.842702	3	3
283	2026-06-02 14:00:00	2026-06-02 15:58:00	2026-05-05 13:49:52.845968	2026-05-05 13:49:52.845968	4	4
284	2026-06-02 14:00:00	2026-06-02 17:19:00	2026-05-05 13:49:52.849045	2026-05-05 13:49:52.849045	5	5
285	2026-06-02 14:00:00	2026-06-02 17:25:00	2026-05-05 13:49:52.852171	2026-05-05 13:49:52.852171	6	6
286	2026-06-02 14:00:00	2026-06-02 15:51:00	2026-05-05 13:49:52.855262	2026-05-05 13:49:52.855262	7	7
287	2026-06-02 17:30:00	2026-06-02 19:42:00	2026-05-05 13:49:52.858411	2026-05-05 13:49:52.858411	2	1
288	2026-06-02 17:30:00	2026-06-02 19:28:00	2026-05-05 13:49:52.861608	2026-05-05 13:49:52.861608	4	3
289	2026-06-02 17:30:00	2026-06-02 19:21:00	2026-05-05 13:49:52.864864	2026-05-05 13:49:52.864864	7	6
290	2026-06-03 10:00:00	2026-06-03 13:16:00	2026-05-05 13:49:52.867961	2026-05-05 13:49:52.867961	3	1
291	2026-06-03 10:00:00	2026-06-03 11:58:00	2026-05-05 13:49:52.871109	2026-05-05 13:49:52.871109	4	2
292	2026-06-03 10:00:00	2026-06-03 13:19:00	2026-05-05 13:49:52.874306	2026-05-05 13:49:52.874306	5	3
293	2026-06-03 10:00:00	2026-06-03 13:25:00	2026-05-05 13:49:52.87743	2026-05-05 13:49:52.87743	6	4
294	2026-06-03 10:00:00	2026-06-03 11:51:00	2026-05-05 13:49:52.88071	2026-05-05 13:49:52.88071	7	5
295	2026-06-03 10:00:00	2026-06-03 12:58:00	2026-05-05 13:49:52.88397	2026-05-05 13:49:52.88397	1	6
296	2026-06-03 10:00:00	2026-06-03 12:12:00	2026-05-05 13:49:52.887122	2026-05-05 13:49:52.887122	2	7
297	2026-06-03 14:00:00	2026-06-03 15:58:00	2026-05-05 13:49:52.890423	2026-05-05 13:49:52.890423	4	1
298	2026-06-03 14:00:00	2026-06-03 17:19:00	2026-05-05 13:49:52.893705	2026-05-05 13:49:52.893705	5	2
299	2026-06-03 14:00:00	2026-06-03 17:25:00	2026-05-05 13:49:52.896928	2026-05-05 13:49:52.896928	6	3
300	2026-06-03 14:00:00	2026-06-03 15:51:00	2026-05-05 13:49:52.900842	2026-05-05 13:49:52.900842	7	4
301	2026-06-03 14:00:00	2026-06-03 16:58:00	2026-05-05 13:49:52.904729	2026-05-05 13:49:52.904729	1	5
302	2026-06-03 14:00:00	2026-06-03 16:12:00	2026-05-05 13:49:52.908485	2026-05-05 13:49:52.908485	2	6
303	2026-06-03 14:00:00	2026-06-03 17:16:00	2026-05-05 13:49:52.912187	2026-05-05 13:49:52.912187	3	7
304	2026-06-03 17:30:00	2026-06-03 19:21:00	2026-05-05 13:49:52.915736	2026-05-05 13:49:52.915736	7	3
305	2026-06-03 17:30:00	2026-06-03 19:42:00	2026-05-05 13:49:52.919347	2026-05-05 13:49:52.919347	2	5
306	2026-06-03 17:30:00	2026-06-03 19:28:00	2026-05-05 13:49:52.922865	2026-05-05 13:49:52.922865	4	7
307	2026-06-04 10:00:00	2026-06-04 13:25:00	2026-05-05 13:49:52.92621	2026-05-05 13:49:52.92621	6	1
308	2026-06-04 10:00:00	2026-06-04 11:51:00	2026-05-05 13:49:52.929482	2026-05-05 13:49:52.929482	7	2
309	2026-06-04 10:00:00	2026-06-04 12:58:00	2026-05-05 13:49:52.933011	2026-05-05 13:49:52.933011	1	3
310	2026-06-04 10:00:00	2026-06-04 12:12:00	2026-05-05 13:49:52.936165	2026-05-05 13:49:52.936165	2	4
311	2026-06-04 10:00:00	2026-06-04 13:16:00	2026-05-05 13:49:52.939262	2026-05-05 13:49:52.939262	3	5
312	2026-06-04 10:00:00	2026-06-04 11:58:00	2026-05-05 13:49:52.942403	2026-05-05 13:49:52.942403	4	6
313	2026-06-04 10:00:00	2026-06-04 13:19:00	2026-05-05 13:49:52.945882	2026-05-05 13:49:52.945882	5	7
314	2026-06-04 14:00:00	2026-06-04 15:51:00	2026-05-05 13:49:52.94906	2026-05-05 13:49:52.94906	7	1
315	2026-06-04 14:00:00	2026-06-04 16:58:00	2026-05-05 13:49:52.952496	2026-05-05 13:49:52.952496	1	2
316	2026-06-04 14:00:00	2026-06-04 16:12:00	2026-05-05 13:49:52.956192	2026-05-05 13:49:52.956192	2	3
317	2026-06-04 14:00:00	2026-06-04 17:16:00	2026-05-05 13:49:52.959383	2026-05-05 13:49:52.959383	3	4
318	2026-06-04 14:00:00	2026-06-04 15:58:00	2026-05-05 13:49:52.962374	2026-05-05 13:49:52.962374	4	5
319	2026-06-04 14:00:00	2026-06-04 17:19:00	2026-05-05 13:49:52.965664	2026-05-05 13:49:52.965664	5	6
320	2026-06-04 14:00:00	2026-06-04 17:25:00	2026-05-05 13:49:52.969041	2026-05-05 13:49:52.969041	6	7
321	2026-06-04 17:30:00	2026-06-04 19:42:00	2026-05-05 13:49:52.972085	2026-05-05 13:49:52.972085	2	2
322	2026-06-04 17:30:00	2026-06-04 19:28:00	2026-05-05 13:49:52.975253	2026-05-05 13:49:52.975253	4	4
323	2026-06-04 17:30:00	2026-06-04 19:21:00	2026-05-05 13:49:52.978438	2026-05-05 13:49:52.978438	7	7
324	2026-06-05 10:00:00	2026-06-05 12:12:00	2026-05-05 13:49:52.981667	2026-05-05 13:49:52.981667	2	1
325	2026-06-05 10:00:00	2026-06-05 13:16:00	2026-05-05 13:49:52.985012	2026-05-05 13:49:52.985012	3	2
326	2026-06-05 10:00:00	2026-06-05 11:58:00	2026-05-05 13:49:52.988343	2026-05-05 13:49:52.988343	4	3
327	2026-06-05 10:00:00	2026-06-05 13:19:00	2026-05-05 13:49:52.991306	2026-05-05 13:49:52.991306	5	4
328	2026-06-05 10:00:00	2026-06-05 13:25:00	2026-05-05 13:49:52.994394	2026-05-05 13:49:52.994394	6	5
329	2026-06-05 10:00:00	2026-06-05 11:51:00	2026-05-05 13:49:52.997781	2026-05-05 13:49:52.997781	7	6
330	2026-06-05 10:00:00	2026-06-05 12:58:00	2026-05-05 13:49:53.00105	2026-05-05 13:49:53.00105	1	7
331	2026-06-05 14:00:00	2026-06-05 17:16:00	2026-05-05 13:49:53.004221	2026-05-05 13:49:53.004221	3	1
332	2026-06-05 14:00:00	2026-06-05 15:58:00	2026-05-05 13:49:53.007042	2026-05-05 13:49:53.007042	4	2
333	2026-06-05 14:00:00	2026-06-05 17:19:00	2026-05-05 13:49:53.010127	2026-05-05 13:49:53.010127	5	3
334	2026-06-05 14:00:00	2026-06-05 17:25:00	2026-05-05 13:49:53.013498	2026-05-05 13:49:53.013498	6	4
335	2026-06-05 14:00:00	2026-06-05 15:51:00	2026-05-05 13:49:53.016918	2026-05-05 13:49:53.016918	7	5
336	2026-06-05 14:00:00	2026-06-05 16:58:00	2026-05-05 13:49:53.020241	2026-05-05 13:49:53.020241	1	6
337	2026-06-05 14:00:00	2026-06-05 16:12:00	2026-05-05 13:49:53.023276	2026-05-05 13:49:53.023276	2	7
338	2026-06-05 17:30:00	2026-06-05 19:28:00	2026-05-05 13:49:53.0263	2026-05-05 13:49:53.0263	4	1
339	2026-06-05 17:30:00	2026-06-05 19:21:00	2026-05-05 13:49:53.029587	2026-05-05 13:49:53.029587	7	4
340	2026-06-05 17:30:00	2026-06-05 19:42:00	2026-05-05 13:49:53.032998	2026-05-05 13:49:53.032998	2	6
341	2026-06-08 10:00:00	2026-06-08 13:19:00	2026-05-05 13:49:53.036328	2026-05-05 13:49:53.036328	5	1
342	2026-06-08 10:00:00	2026-06-08 13:25:00	2026-05-05 13:49:53.039459	2026-05-05 13:49:53.039459	6	2
343	2026-06-08 10:00:00	2026-06-08 11:51:00	2026-05-05 13:49:53.042807	2026-05-05 13:49:53.042807	7	3
344	2026-06-08 10:00:00	2026-06-08 12:58:00	2026-05-05 13:49:53.047973	2026-05-05 13:49:53.047973	1	4
345	2026-06-08 10:00:00	2026-06-08 12:12:00	2026-05-05 13:49:53.052331	2026-05-05 13:49:53.052331	2	5
346	2026-06-08 10:00:00	2026-06-08 13:16:00	2026-05-05 13:49:53.056206	2026-05-05 13:49:53.056206	3	6
347	2026-06-08 10:00:00	2026-06-08 11:58:00	2026-05-05 13:49:53.059887	2026-05-05 13:49:53.059887	4	7
348	2026-06-08 14:00:00	2026-06-08 17:25:00	2026-05-05 13:49:53.063649	2026-05-05 13:49:53.063649	6	1
349	2026-06-08 14:00:00	2026-06-08 15:51:00	2026-05-05 13:49:53.069471	2026-05-05 13:49:53.069471	7	2
350	2026-06-08 14:00:00	2026-06-08 16:58:00	2026-05-05 13:49:53.073116	2026-05-05 13:49:53.073116	1	3
351	2026-06-08 14:00:00	2026-06-08 16:12:00	2026-05-05 13:49:53.076903	2026-05-05 13:49:53.076903	2	4
352	2026-06-08 14:00:00	2026-06-08 17:16:00	2026-05-05 13:49:53.080958	2026-05-05 13:49:53.080958	3	5
353	2026-06-08 14:00:00	2026-06-08 15:58:00	2026-05-05 13:49:53.084191	2026-05-05 13:49:53.084191	4	6
354	2026-06-08 14:00:00	2026-06-08 17:19:00	2026-05-05 13:49:53.087753	2026-05-05 13:49:53.087753	5	7
355	2026-06-08 17:30:00	2026-06-08 19:21:00	2026-05-05 13:49:53.0914	2026-05-05 13:49:53.0914	7	1
356	2026-06-08 17:30:00	2026-06-08 19:42:00	2026-05-05 13:49:53.094904	2026-05-05 13:49:53.094904	2	3
357	2026-06-08 17:30:00	2026-06-08 19:28:00	2026-05-05 13:49:53.098567	2026-05-05 13:49:53.098567	4	5
358	2026-06-09 10:00:00	2026-06-09 12:58:00	2026-05-05 13:49:53.10247	2026-05-05 13:49:53.10247	1	1
359	2026-06-09 10:00:00	2026-06-09 12:12:00	2026-05-05 13:49:53.106352	2026-05-05 13:49:53.106352	2	2
360	2026-06-09 10:00:00	2026-06-09 13:16:00	2026-05-05 13:49:53.109928	2026-05-05 13:49:53.109928	3	3
361	2026-06-09 10:00:00	2026-06-09 11:58:00	2026-05-05 13:49:53.113787	2026-05-05 13:49:53.113787	4	4
362	2026-06-09 10:00:00	2026-06-09 13:19:00	2026-05-05 13:49:53.117669	2026-05-05 13:49:53.117669	5	5
363	2026-06-09 10:00:00	2026-06-09 13:25:00	2026-05-05 13:49:53.121457	2026-05-05 13:49:53.121457	6	6
364	2026-06-09 10:00:00	2026-06-09 11:51:00	2026-05-05 13:49:53.124985	2026-05-05 13:49:53.124985	7	7
365	2026-06-09 14:00:00	2026-06-09 16:12:00	2026-05-05 13:49:53.128552	2026-05-05 13:49:53.128552	2	1
366	2026-06-09 14:00:00	2026-06-09 17:16:00	2026-05-05 13:49:53.132151	2026-05-05 13:49:53.132151	3	2
367	2026-06-09 14:00:00	2026-06-09 15:58:00	2026-05-05 13:49:53.135939	2026-05-05 13:49:53.135939	4	3
368	2026-06-09 14:00:00	2026-06-09 17:19:00	2026-05-05 13:49:53.139487	2026-05-05 13:49:53.139487	5	4
369	2026-06-09 14:00:00	2026-06-09 17:25:00	2026-05-05 13:49:53.142763	2026-05-05 13:49:53.142763	6	5
370	2026-06-09 14:00:00	2026-06-09 15:51:00	2026-05-05 13:49:53.146088	2026-05-05 13:49:53.146088	7	6
371	2026-06-09 14:00:00	2026-06-09 16:58:00	2026-05-05 13:49:53.149413	2026-05-05 13:49:53.149413	1	7
372	2026-06-09 17:30:00	2026-06-09 19:28:00	2026-05-05 13:49:53.152878	2026-05-05 13:49:53.152878	4	2
373	2026-06-09 17:30:00	2026-06-09 19:21:00	2026-05-05 13:49:53.156155	2026-05-05 13:49:53.156155	7	5
374	2026-06-09 17:30:00	2026-06-09 19:42:00	2026-05-05 13:49:53.159256	2026-05-05 13:49:53.159256	2	7
\.


--
-- Data for Name: ticket; Type: TABLE DATA; Schema: public; Owner: cinema
--

COPY public.ticket (id, type, remaining_uses, purchased_at, user_id) FROM stdin;
\.


--
-- Data for Name: ticket_usage; Type: TABLE DATA; Schema: public; Owner: cinema
--

COPY public.ticket_usage (id, used_at, ticket_id, screening_id) FROM stdin;
\.


--
-- Data for Name: token; Type: TABLE DATA; Schema: public; Owner: cinema
--

COPY public.token (id, token, expires_at, created_at, revoked_at, user_id) FROM stdin;
\.


--
-- Data for Name: transaction; Type: TABLE DATA; Schema: public; Owner: cinema
--

COPY public.transaction (id, type, amount, description, created_at, user_id) FROM stdin;
\.


--
-- Data for Name: users; Type: TABLE DATA; Schema: public; Owner: cinema
--

COPY public.users (id, email, password, role, balance, first_name, last_name, created_at, updated_at, deleted_at) FROM stdin;
1	admin@cinema.com	$2b$10$BA9jpQ6tPFNPK8mqe.7fEOosJl27fcw5N43sCZGWH0usK5d2OBE0i	admin	0.00	Alice	Admin	2026-05-05 13:49:51.754771	2026-05-05 13:49:51.754771	\N
2	employee@cinema.com	$2b$10$BA9jpQ6tPFNPK8mqe.7fEOosJl27fcw5N43sCZGWH0usK5d2OBE0i	employee	0.00	Eve	Employee	2026-05-05 13:49:51.763035	2026-05-05 13:49:51.763035	\N
3	client@cinema.com	$2b$10$BA9jpQ6tPFNPK8mqe.7fEOosJl27fcw5N43sCZGWH0usK5d2OBE0i	client	100.00	Charlie	Client	2026-05-05 13:49:51.767115	2026-05-05 13:49:51.767115	\N
\.


--
-- Name: movie_id_seq; Type: SEQUENCE SET; Schema: public; Owner: cinema
--

SELECT pg_catalog.setval('public.movie_id_seq', 7, true);


--
-- Name: room_id_seq; Type: SEQUENCE SET; Schema: public; Owner: cinema
--

SELECT pg_catalog.setval('public.room_id_seq', 12, true);


--
-- Name: screening_id_seq; Type: SEQUENCE SET; Schema: public; Owner: cinema
--

SELECT pg_catalog.setval('public.screening_id_seq', 374, true);


--
-- Name: ticket_id_seq; Type: SEQUENCE SET; Schema: public; Owner: cinema
--

SELECT pg_catalog.setval('public.ticket_id_seq', 1, false);


--
-- Name: ticket_usage_id_seq; Type: SEQUENCE SET; Schema: public; Owner: cinema
--

SELECT pg_catalog.setval('public.ticket_usage_id_seq', 1, false);


--
-- Name: token_id_seq; Type: SEQUENCE SET; Schema: public; Owner: cinema
--

SELECT pg_catalog.setval('public.token_id_seq', 1, false);


--
-- Name: transaction_id_seq; Type: SEQUENCE SET; Schema: public; Owner: cinema
--

SELECT pg_catalog.setval('public.transaction_id_seq', 1, false);


--
-- Name: users_id_seq; Type: SEQUENCE SET; Schema: public; Owner: cinema
--

SELECT pg_catalog.setval('public.users_id_seq', 3, true);


--
-- Name: ticket_usage PK_0c8d23445b4deff5526c8d9ee25; Type: CONSTRAINT; Schema: public; Owner: cinema
--

ALTER TABLE ONLY public.ticket_usage
    ADD CONSTRAINT "PK_0c8d23445b4deff5526c8d9ee25" PRIMARY KEY (id);


--
-- Name: screening PK_5111bc526c9133721aeffb9a578; Type: CONSTRAINT; Schema: public; Owner: cinema
--

ALTER TABLE ONLY public.screening
    ADD CONSTRAINT "PK_5111bc526c9133721aeffb9a578" PRIMARY KEY (id);


--
-- Name: token PK_82fae97f905930df5d62a702fc9; Type: CONSTRAINT; Schema: public; Owner: cinema
--

ALTER TABLE ONLY public.token
    ADD CONSTRAINT "PK_82fae97f905930df5d62a702fc9" PRIMARY KEY (id);


--
-- Name: transaction PK_89eadb93a89810556e1cbcd6ab9; Type: CONSTRAINT; Schema: public; Owner: cinema
--

ALTER TABLE ONLY public.transaction
    ADD CONSTRAINT "PK_89eadb93a89810556e1cbcd6ab9" PRIMARY KEY (id);


--
-- Name: users PK_a3ffb1c0c8416b9fc6f907b7433; Type: CONSTRAINT; Schema: public; Owner: cinema
--

ALTER TABLE ONLY public.users
    ADD CONSTRAINT "PK_a3ffb1c0c8416b9fc6f907b7433" PRIMARY KEY (id);


--
-- Name: room PK_c6d46db005d623e691b2fbcba23; Type: CONSTRAINT; Schema: public; Owner: cinema
--

ALTER TABLE ONLY public.room
    ADD CONSTRAINT "PK_c6d46db005d623e691b2fbcba23" PRIMARY KEY (id);


--
-- Name: movie PK_cb3bb4d61cf764dc035cbedd422; Type: CONSTRAINT; Schema: public; Owner: cinema
--

ALTER TABLE ONLY public.movie
    ADD CONSTRAINT "PK_cb3bb4d61cf764dc035cbedd422" PRIMARY KEY (id);


--
-- Name: ticket PK_d9a0835407701eb86f874474b7c; Type: CONSTRAINT; Schema: public; Owner: cinema
--

ALTER TABLE ONLY public.ticket
    ADD CONSTRAINT "PK_d9a0835407701eb86f874474b7c" PRIMARY KEY (id);


--
-- Name: room UQ_535c742a3606d2e3122f441b26c; Type: CONSTRAINT; Schema: public; Owner: cinema
--

ALTER TABLE ONLY public.room
    ADD CONSTRAINT "UQ_535c742a3606d2e3122f441b26c" UNIQUE (name);


--
-- Name: users UQ_97672ac88f789774dd47f7c8be3; Type: CONSTRAINT; Schema: public; Owner: cinema
--

ALTER TABLE ONLY public.users
    ADD CONSTRAINT "UQ_97672ac88f789774dd47f7c8be3" UNIQUE (email);


--
-- Name: token UQ_d9959ee7e17e2293893444ea371; Type: CONSTRAINT; Schema: public; Owner: cinema
--

ALTER TABLE ONLY public.token
    ADD CONSTRAINT "UQ_d9959ee7e17e2293893444ea371" UNIQUE (token);


--
-- Name: ticket FK_368610dc3312f9b91e9ace40354; Type: FK CONSTRAINT; Schema: public; Owner: cinema
--

ALTER TABLE ONLY public.ticket
    ADD CONSTRAINT "FK_368610dc3312f9b91e9ace40354" FOREIGN KEY (user_id) REFERENCES public.users(id) ON DELETE RESTRICT;


--
-- Name: ticket_usage FK_8c7f6bfc2816a86e444c351f831; Type: FK CONSTRAINT; Schema: public; Owner: cinema
--

ALTER TABLE ONLY public.ticket_usage
    ADD CONSTRAINT "FK_8c7f6bfc2816a86e444c351f831" FOREIGN KEY (ticket_id) REFERENCES public.ticket(id) ON DELETE RESTRICT;


--
-- Name: ticket_usage FK_a6bef4048b006713fe363a047a5; Type: FK CONSTRAINT; Schema: public; Owner: cinema
--

ALTER TABLE ONLY public.ticket_usage
    ADD CONSTRAINT "FK_a6bef4048b006713fe363a047a5" FOREIGN KEY (screening_id) REFERENCES public.screening(id) ON DELETE RESTRICT;


--
-- Name: transaction FK_b4a3d92d5dde30f3ab5c34c5862; Type: FK CONSTRAINT; Schema: public; Owner: cinema
--

ALTER TABLE ONLY public.transaction
    ADD CONSTRAINT "FK_b4a3d92d5dde30f3ab5c34c5862" FOREIGN KEY (user_id) REFERENCES public.users(id) ON DELETE RESTRICT;


--
-- Name: screening FK_d0edf6ec9af6f344e5aeb463a0c; Type: FK CONSTRAINT; Schema: public; Owner: cinema
--

ALTER TABLE ONLY public.screening
    ADD CONSTRAINT "FK_d0edf6ec9af6f344e5aeb463a0c" FOREIGN KEY (room_id) REFERENCES public.room(id) ON DELETE RESTRICT;


--
-- Name: token FK_e50ca89d635960fda2ffeb17639; Type: FK CONSTRAINT; Schema: public; Owner: cinema
--

ALTER TABLE ONLY public.token
    ADD CONSTRAINT "FK_e50ca89d635960fda2ffeb17639" FOREIGN KEY (user_id) REFERENCES public.users(id) ON DELETE CASCADE;


--
-- Name: screening FK_f6541a70adcd0716eef90407526; Type: FK CONSTRAINT; Schema: public; Owner: cinema
--

ALTER TABLE ONLY public.screening
    ADD CONSTRAINT "FK_f6541a70adcd0716eef90407526" FOREIGN KEY (movie_id) REFERENCES public.movie(id) ON DELETE RESTRICT;


--
-- PostgreSQL database dump complete
--

\unrestrict VjbmyKPhqWmeZhE8wau2KJRy5Ej80fMdHaSUfFfAJXPQMKBbI2m06mAxggLNe19

